{"cameraMode":{"drawMode":0,"name":"Shaded","section":"Shading Mode"},"sceneLighting":true,"audioPlay":false,"sceneViewState":{"m_AlwaysRefresh":false,"showFog":true,"showSkybox":true,"showFlares":true,"showImageEffects":true,"showParticleSystems":true,"showVisualEffectGraphs":true,"m_FxEnabled":true},"in2DMode":false,"pivot":{"x":111.76973724365235,"y":-1.8048839569091797,"z":53.09403610229492},"rotation":{"x":0.2556261122226715,"y":0.05362493172287941,"z":-0.01420225203037262,"w":0.9652050137519836},"size":18.903627395629884,"orthographic":false}